insert into contacts (id, name, email, phone, birthday, company) values (1, 'Dinnie Feore', 'dfeore0@de.vu', '86-(483)661-7589', '4/12/1963', 'Pouros and Sons');
insert into contacts (id, name, email, phone, birthday, company) values (2, 'Kare Edmonson', 'kedmonson1@squarespace.com', '63-(247)322-6923', '11/16/1962', 'Leffler Group');
insert into contacts (id, name, email, phone, birthday, company) values (3, 'Clive Vlasyuk', 'cvlasyuk2@shutterfly.com', '30-(471)163-9446', '6/11/2004', 'McGlynn, Simonis and Ryan');
insert into contacts (id, name, email, phone, birthday, company) values (4, 'Jerad Teodorski', 'jteodorski3@networksolutions.com', '63-(315)148-4220', '11/11/1977', 'O''Hara Inc');
insert into contacts (id, name, email, phone, birthday, company) values (5, 'Reina Akerman', 'rakerman4@plala.or.jp', '62-(878)605-5106', '3/5/1929', 'Altenwerth-Williamson');
insert into contacts (id, name, email, phone, birthday, company) values (6, 'Ervin Ferroni', 'eferroni5@typepad.com', '46-(360)718-2547', '9/15/1972', 'Flatley-Stroman');
insert into contacts (id, name, email, phone, birthday, company) values (7, 'Cedric Dagon', 'cdagon6@discovery.com', '47-(578)500-8599', '9/24/1990', 'Krajcik, Waelchi and Wilderman');
insert into contacts (id, name, email, phone, birthday, company) values (8, 'Godiva Peggs', 'gpeggs7@deliciousdays.com', '7-(873)790-2589', '9/10/1982', 'Fay-Johnson');
insert into contacts (id, name, email, phone, birthday, company) values (9, 'Dacie Henden', 'dhenden8@yolasite.com', '86-(271)941-6981', '4/1/2006', 'Lueilwitz-Zieme');
insert into contacts (id, name, email, phone, birthday, company) values (10, 'Belvia Greenall', 'bgreenall9@sphinn.com', '62-(755)792-9691', '6/16/1917', 'Murray LLC');
insert into contacts (id, name, email, phone, birthday, company) values (11, 'Micky Charnock', 'mcharnocka@simplemachines.org', '81-(366)761-6997', '8/9/1963', 'Bradtke and Sons');
insert into contacts (id, name, email, phone, birthday, company) values (12, 'Ninnetta Elbourne', 'nelbourneb@unblog.fr', '504-(417)542-0791', '12/19/1948', 'Predovic-Feil');
insert into contacts (id, name, email, phone, birthday, company) values (13, 'Ashley Haquard', 'ahaquardc@flickr.com', '7-(457)152-3330', '10/26/1987', 'Ullrich, Wunsch and Cormier');
insert into contacts (id, name, email, phone, birthday, company) values (14, 'Nico Tipton', 'ntiptond@marriott.com', '256-(548)887-3738', '8/29/1959', 'Anderson Group');
insert into contacts (id, name, email, phone, birthday, company) values (15, 'Cherise Dawtrey', 'cdawtreye@shop-pro.jp', '221-(287)886-6585', '10/27/1980', 'Lowe Group');
insert into contacts (id, name, email, phone, birthday, company) values (16, 'Binnie Graves', 'bgravesf@wikipedia.org', '56-(651)166-6577', '2/27/2013', 'Bernhard Inc');
insert into contacts (id, name, email, phone, birthday, company) values (17, 'Delmor McKelloch', 'dmckellochg@istockphoto.com', '46-(845)139-2340', '2/25/1978', 'Boyer LLC');
insert into contacts (id, name, email, phone, birthday, company) values (18, 'Chadd Burgoyne', 'cburgoyneh@jigsy.com', '86-(388)384-3744', '9/22/1983', 'Stanton Inc');
insert into contacts (id, name, email, phone, birthday, company) values (19, 'Coop Screen', 'cscreeni@examiner.com', '380-(645)527-8560', '12/26/1971', 'Towne-Barrows');
insert into contacts (id, name, email, phone, birthday, company) values (20, 'Wendel Shevlan', 'wshevlanj@amazon.com', '62-(894)592-1440', '6/9/1990', 'Mertz-Lueilwitz');

insert into groups (id, name) values (1, 'Friends');
insert into groups (id, name) values (2, 'Colleagues');
insert into groups (id, name) values (3, 'Family');
insert into groups (id, name) values (4, 'Soccer Team');
insert into groups (id, name) values (5, 'Trivia Group');
insert into groups (id, name) values (6, 'Book Club');

insert into group_members (id, contact_id, group_id) values (1, 10, 6);
insert into group_members (id, contact_id, group_id) values (2, 2, 3);
insert into group_members (id, contact_id, group_id) values (3, 11, 2);
insert into group_members (id, contact_id, group_id) values (4, 11, 5);
insert into group_members (id, contact_id, group_id) values (5, 8, 4);
insert into group_members (id, contact_id, group_id) values (6, 4, 3);
insert into group_members (id, contact_id, group_id) values (7, 4, 4);
insert into group_members (id, contact_id, group_id) values (8, 3, 5);
insert into group_members (id, contact_id, group_id) values (9, 18, 2);
insert into group_members (id, contact_id, group_id) values (10, 10, 5);
insert into group_members (id, contact_id, group_id) values (11, 18, 6);
insert into group_members (id, contact_id, group_id) values (12, 9, 3);
insert into group_members (id, contact_id, group_id) values (13, 20, 4);
insert into group_members (id, contact_id, group_id) values (14, 19, 3);
insert into group_members (id, contact_id, group_id) values (15, 19, 2);
insert into group_members (id, contact_id, group_id) values (16, 19, 6);
insert into group_members (id, contact_id, group_id) values (17, 18, 1);
insert into group_members (id, contact_id, group_id) values (18, 17, 3);
insert into group_members (id, contact_id, group_id) values (19, 4, 4);
insert into group_members (id, contact_id, group_id) values (20, 6, 2);
insert into group_members (id, contact_id, group_id) values (21, 3, 3);
insert into group_members (id, contact_id, group_id) values (22, 2, 2);
insert into group_members (id, contact_id, group_id) values (23, 15, 6);
insert into group_members (id, contact_id, group_id) values (24, 14, 3);
insert into group_members (id, contact_id, group_id) values (25, 6, 5);
insert into group_members (id, contact_id, group_id) values (26, 11, 3);
insert into group_members (id, contact_id, group_id) values (27, 3, 6);
insert into group_members (id, contact_id, group_id) values (28, 9, 5);
insert into group_members (id, contact_id, group_id) values (29, 17, 5);
insert into group_members (id, contact_id, group_id) values (30, 12, 2);
insert into group_members (id, contact_id, group_id) values (31, 3, 1);
insert into group_members (id, contact_id, group_id) values (32, 16, 3);
insert into group_members (id, contact_id, group_id) values (33, 11, 4);
insert into group_members (id, contact_id, group_id) values (34, 7, 5);
insert into group_members (id, contact_id, group_id) values (35, 14, 2);
insert into group_members (id, contact_id, group_id) values (36, 20, 6);
insert into group_members (id, contact_id, group_id) values (37, 2, 6);
insert into group_members (id, contact_id, group_id) values (38, 13, 1);
insert into group_members (id, contact_id, group_id) values (39, 13, 2);
insert into group_members (id, contact_id, group_id) values (40, 4, 2);
